analysis-model-api	14.14.0-1004.vf53c9efb_f455	true	true
ansicolor	536.v13fa_b_860c267	true	true
ant	520.vd082ecfb_16a_9	true	true
antisamy-markup-formatter	173.v680e3a_b_69ff3	true	true
apache-httpcomponents-client-4-api	4.5.14-269.vfa_2321039a_83	true	true
apache-httpcomponents-client-5-api	5.6.2-199.vc3c04d033fcc	true	true
asm-api	9.10.1-216.va_9256d3b_844b_	true	true
authentication-tokens	1.144.v5ff4a_5ec5c33	true	true
aws-credentials	262.v0efb_28f71f94	true	true
aws-java-sdk-api-gateway	1.12.780-480.v4a_0819121a_9e	true	true
aws-java-sdk-cloudformation	1.12.780-480.v4a_0819121a_9e	true	true
aws-java-sdk-cloudfront	1.12.780-480.v4a_0819121a_9e	true	true
aws-java-sdk-codedeploy	1.12.780-480.v4a_0819121a_9e	true	true
aws-java-sdk-ec2	1.12.780-480.v4a_0819121a_9e	true	true
aws-java-sdk-ecr	1.12.780-480.v4a_0819121a_9e	true	true
aws-java-sdk-elasticbeanstalk	1.12.780-480.v4a_0819121a_9e	true	true
aws-java-sdk-elasticloadbalancingv2	1.12.780-480.v4a_0819121a_9e	true	true
aws-java-sdk-iam	1.12.780-480.v4a_0819121a_9e	true	true
aws-java-sdk-lambda	1.12.780-480.v4a_0819121a_9e	true	true
aws-java-sdk-minimal	1.12.780-480.v4a_0819121a_9e	true	true
aws-java-sdk-organizations	1.12.780-480.v4a_0819121a_9e	true	true
aws-java-sdk-sns	1.12.780-480.v4a_0819121a_9e	true	true
aws-java-sdk-sqs	1.12.780-480.v4a_0819121a_9e	true	true
aws-java-sdk2-core	2.42.33-70.vd69c0763fa_60	true	true
aws-java-sdk2-ec2	2.42.33-70.vd69c0763fa_60	true	true
bootstrap5-api	5.3.8-1048.va_c299057e35c	true	true
bouncycastle-api	2.30.1.84-291.v9f17b_21896e2	true	true
branch-api	2.1280.v0d4e5b_b_460ef	true	true
build-timeout	1.40	true	true
build-user-vars-plugin	214.va_eed2ed849ca_	true	true
caffeine-api	3.2.4-208.v7e2da_a_7db_82b_	true	true
checks-api	415.vf022234a_931d	true	true
cloud-stats	423.v63f017a_f582c	true	true
cloudbees-folder	6.1100.ve9eed61d16c4	true	true
commons-compress-api	1.28.0-82.v4df6c060eb_66	true	true
commons-lang3-api	3.20.0-109.ve43756e2d2b_4	true	true
commons-text-api	1.15.0-218.va_61573470393	true	true
conditional-buildstep	1.5.0	true	true
config-file-provider	1013.v73c323e52b_1f	true	true
copyartifact	795.ve8e151429b_27	true	true
credentials	1506.v948b_b_b_7dec44	true	true
credentials-binding	728.v902a_273b_8947	true	true
data-tables-api	2.3.8-1570.v1cb_1cd2a_0fb_c	true	true
display-url-api	2.217.va_6b_de84cc74b_	true	true
docker-commons	477.v289085a_b_6896	true	true
docker-java-api	3.7.1-136.v5d70f77a_c3d6	true	true
docker-plugin	1324.v2fb_b_df97fe1d	true	true
docker-workflow	634.vedc7242b_eda_7	true	true
dtkit-api	3.0.3	true	true
durable-task	686.v80ff80875b_82	true	true
echarts-api	6.1.0-1306.vcee1648c16a_4	true	true
eddsa-api	0.3.0.1-29.v67e9a_1c969b_b_	true	true
email-ext	2038.v7b_8817a_499d9	true	true
extended-choice-parameter	388.ve7b_d0b_920e10	true	true
font-awesome-api	7.3.1-1013.v0835a_879ec6d	true	true
forensics-api	4.1891.v5e60f3377506	true	true
git	5.10.1	true	true
git-client	6.6.1	true	true
github	1.47.0	true	true
github-api	1.330-492.v3941a_032db_2a_	true	true
github-branch-source	1967.1970.vd86979736546	true	true
gradle	2.19.1244.v1f9866817fec	true	true
gson-api	2.14.0-201.v8eefe5515533	true	true
htmlpublisher	427.1	true	true
instance-identity	203.v15e81a_1b_7a_38	true	true
ionicons-api	94.vcc3065403257	true	true
jackson-annotations2-api	2.22-19.v10a_a_582ea_26e	true	true
jackson2-api	2.22.0-439.vb_b_43658d6176	true	true
jackson3-api	3.2.1-92.vd25c2e23c180	true	true
jacoco	3.3.7	true	true
jakarta-activation-api	2.1.4-1	true	true
jakarta-mail-api	2.1.5-1	true	true
jakarta-xml-bind-api	4.0.9-19.v2b_a_5b_44d9a_1c	true	true
javadoc	354.vee1a_660b_4990	true	true
javax-activation-api	1.2.0-8	true	true
jaxb	2.3.9-143.v5979df3304e6	true	true
jjwt-api	0.13.0-141.vd58b_a_9592b_6c	true	true
jobConfigHistory	1367.vc8fa_b_15101dc	true	true
joda-time-api	2.14.2-193.v422b_efce56e0	true	true
jquery3-api	3.7.1-687.v68d468e40b_30	true	true
jsch	0.2.16-95.v3eecb_55fa_b_78	true	true
json-api	20260719-223.va_81f828cdb_58	true	true
json-path-api	3.0.0-218.vcd4dd1355de2	true	true
jsoup	1.22.2-95.vc5d00f1eb_42d	true	true
junit	1416.vd753e036de5e	true	true
kubernetes	4540.v612369217f87	true	true
kubernetes-cli	1.375.v8001982544ba	true	true
kubernetes-client-api	7.3.1-256.v788a_0b_787114	true	true
kubernetes-credentials	207.v492f58828b_ed	true	true
lockable-resources	1539.v4db_b_fc1cc115	true	true
mailer	534.v1b_36f5864073	true	true
matrix-project	870.v9db_fcfc2f45b_	true	true
maven-plugin	3.27	true	true
metrics	4.2.37-494.v06f9a_939d33a_	true	true
mina-sshd-api-common	2.17.1-187.v0341274c2905	true	true
mina-sshd-api-core	2.17.1-187.v0341274c2905	true	true
nodejs	1.6.6	true	true
okhttp-api	5.3.2-200.vedb_720a_cf1f8	true	true
oss-symbols-api	465.v25d9fdc88c26	true	true
parameterized-trigger	893.va_383a_9b_a_4c11	true	true
pipeline-aws	1.45	true	true
pipeline-build-step	599.v4b_67ea_11b_152	true	true
pipeline-github-lib	65.v203688e7727e	true	true
pipeline-graph-analysis	254.v0f63a_a_447dca_	true	true
pipeline-groovy-lib	798.v5cc688825312	true	true
pipeline-input-step	560.v56198a_642157	true	true
pipeline-maven	1735.v63b_5b_1b_d25d9	true	true
pipeline-maven-api	1735.v63b_5b_1b_d25d9	true	true
pipeline-milestone-step	152.v6e22b_8cfc66c	true	true
pipeline-model-api	2.2291.v2934911987b_6	true	true
pipeline-model-definition	2.2291.v2934911987b_6	true	true
pipeline-model-extensions	2.2291.v2934911987b_6	true	true
pipeline-rest-api	2.41	true	true
pipeline-stage-step	345.va_96187909426	true	true
pipeline-stage-tags-metadata	2.2291.v2934911987b_6	true	true
pipeline-stage-view	2.41	true	true
pipeline-utility-steps	3.810.va_7672d206740	true	true
plain-credentials	199.v9f8e1f741799	true	true
plugin-util-api	7.1341.v039f146993d9	true	true
prism-api	1.30.0-741.v034eb_0b_0a_a_fa_	true	true
publish-over	238.v1db_583004c9b_	true	true
publish-over-ssh	390.vb_f56e7405751	true	true
rebuild	338.va_0a_b_50e29397	true	true
resource-disposer	0.25	true	true
run-condition	276.v97298f3a_cd51	true	true
scm-api	728.vc30dcf7a_0df5	true	true
script-security	1402.1405.vc96e74964250	true	true
slack	795.v4b_9705b_e6d47	true	true
snakeyaml-api	2.5-149.v72471e9c6371	true	true
snakeyaml-engine-api	3.0.1-5.vd98ea_ff3b_92e	true	true
sonar	2.18.3	true	true
ssh-agent	405.v67cc4f9764d0	true	true
ssh-credentials	372.va_250881b_08cd	true	true
ssh-slaves	3.1097.v868116049892	true	true
structs	362.va_b_695ef4fdf9	true	true
throttle-concurrents	625.vc8b_e469e9a_b_c	true	true
timestamper	1.30	true	true
token-macro	477.vd4f0dc3cb_cf1	true	true
trilead-api	2.284.v1974ea_324382	true	true
variant	70.va_d9f17f859e0	true	true
warnings-ng	13.10153.v011f47a_3ef01	true	true
woodstox-core-api	7.2.1-6.v3718a_a_11f5c4	true	true
workflow-aggregator	608.v67378e9d3db_1	true	true
workflow-api	1413.v2ff1a_5e720fa_	true	true
workflow-basic-steps	1098.v808b_fd7f8cf4	true	true
workflow-cps	4357.vd3195c6b_d381	true	true
workflow-durable-task-step	1479.v56e587f413a_7	true	true
workflow-job	1590.v49101d088542	true	true
workflow-multibranch	841.vec5b_9e1806ec	true	true
workflow-scm-step	466.va_d69e602552b_	true	true
workflow-step-api	724.v538c2362b_dfb_	true	true
workflow-support	1015.v785e5a_b_b_8b_22	true	true
ws-cleanup	0.49	true	true
xunit	3.1.7	true	true
