format	fogell-scm-execution-v2
case	checkout	scm	a0cc1278ee2e10f47150bbd7eef2d0f22fae5f40:65de82b3efbbb46642e173418abb3b0adf50f90f:c02e3343f32b4223bfb68c3b70075d5400be07fb	9bff71e0298f1b8c4b3084c050be1e0c2a80736861b8eb67a46c017af95f35b7
attested	checkout	jenkins	executed	a0cc1278ee2e10f47150bbd7eef2d0f22fae5f40:65de82b3efbbb46642e173418abb3b0adf50f90f:c02e3343f32b4223bfb68c3b70075d5400be07fb
attested	checkout	fogell	preflight	a0cc1278ee2e10f47150bbd7eef2d0f22fae5f40:65de82b3efbbb46642e173418abb3b0adf50f90f:c02e3343f32b4223bfb68c3b70075d5400be07fb
case	unknown-policy-git	git	5dba3e2da2e7a2aa6628b9e0a8e3bb1637749ed5:95b911657c001cbd735bfbc0a283a1b32c854b06	3ddcde1bf401e7cc37f1a238a6e22c9d9b6152e0d3ac731d239aefca84f56157
attested	unknown-policy-git	jenkins	executed	5dba3e2da2e7a2aa6628b9e0a8e3bb1637749ed5:95b911657c001cbd735bfbc0a283a1b32c854b06
attested	unknown-policy-git	fogell	not-executed	5dba3e2da2e7a2aa6628b9e0a8e3bb1637749ed5:95b911657c001cbd735bfbc0a283a1b32c854b06
case	return-semantics-git	git	5dba3e2da2e7a2aa6628b9e0a8e3bb1637749ed5:95b911657c001cbd735bfbc0a283a1b32c854b06	7417394791eaf9eb17f3a7391d30fc9440471a798df7bfca583666ccf77762cd
attested	return-semantics-git	jenkins	executed	5dba3e2da2e7a2aa6628b9e0a8e3bb1637749ed5:95b911657c001cbd735bfbc0a283a1b32c854b06
attested	return-semantics-git	fogell	not-executed	5dba3e2da2e7a2aa6628b9e0a8e3bb1637749ed5:95b911657c001cbd735bfbc0a283a1b32c854b06
