archive-allow-empty-boolean.receipt.txt	PROVEN (tier 1) — same result, same output, same workspace hash
archive-artifacts.receipt.txt	PROVEN (tier 1) — same result, same output, same workspace hash
archive-empty-fails.receipt.txt	PROVEN (tier 1) — same result, same output, same workspace hash
archive-multi-pattern-advisory.receipt.txt	PROVEN (tier 1) — same result, same output, same workspace hash
cancellation-selects-post-arm.receipt.txt	PROVEN (tier 1) — same result, same output, same workspace hash
checkout-scm-basic.receipt.txt	PROVEN (tier 1) — same result, same output, same workspace hash
checkout-scm-env-layering.receipt.txt	PROVEN (tier 1) — same result, same output, same workspace hash
checkout-scm-skip-default.receipt.txt	PROVEN (tier 1) — same result, same output, same workspace hash
checkout-scm-timeout-env.receipt.txt	PROVEN (tier 1) — same result, same output, same workspace hash
compile-refusal-invalid-eight.receipt.txt	PROVEN (tier 1) — same pre-execution refusal, same result, same workspace hash; output not compared
credentials-file.receipt.txt	PROVEN (tier 1) — same result, same output, same workspace hash
credentials-returnstdout.receipt.txt	PROVEN (tier 1) — same result, same output, same workspace hash
credentials-string.receipt.txt	PROVEN (tier 1) — same result, same output, same workspace hash
credentials-userpass-masking.receipt.txt	PROVEN (tier 1) — same result, same output, same workspace hash
credentials-userpass.receipt.txt	PROVEN (tier 1) — same result, same output, same workspace hash
echo-credential-masking.receipt.txt	PROVEN (tier 1) — same result, same output, same workspace hash
echo-only.receipt.txt	PROVEN (tier 1) — same result, same output, same workspace hash
echo-slashy-concat.receipt.txt	PROVEN (tier 1) — same result, same output, same workspace hash
env-escaped-and-dotted.receipt.txt	PROVEN (tier 1) — same result, same output, same workspace hash
env-escaped-backslash.receipt.txt	PROVEN (tier 1) — same result, same output, same workspace hash
env-inherited-output-fold.receipt.txt	PROVEN (tier 1) — same result, same output, same workspace hash
env-quote-override.receipt.txt	PROVEN (tier 1) — same result, same output, same workspace hash
env-quote-provenance.receipt.txt	PROVEN (tier 1) — same result, same output, same workspace hash
env-scoping.receipt.txt	PROVEN (tier 1) — same result, same output, same workspace hash
fg015-instanceof.receipt.txt	PROVEN (tier 1) — same result, same output, same workspace hash
fg015-multi-assign.receipt.txt	PROVEN (tier 1) — same result, same output, same workspace hash
fg015-nested-quote-gstring.receipt.txt	PROVEN (tier 1) — same result, same output, same workspace hash
fg015-range.receipt.txt	PROVEN (tier 1) — same result, same output, same workspace hash
fg015-spread-dot-boundary.receipt.txt	PROVEN (tier 1) — same result, same output, same workspace hash
fg015-spread-dot.receipt.txt	PROVEN (tier 1) — same result, same output, same workspace hash
fg015-spread-index-outer-writes.receipt.txt	PROVEN (tier 1) — same result, same output, same workspace hash
fg015-spread-index-safe-null.receipt.txt	PROVEN (tier 1) — same result, same output, same workspace hash
fg015-switch.receipt.txt	PROVEN (tier 1) — same result, same output, same workspace hash
fg015b-cycle-display-ancestry.receipt.txt	PROVEN (tier 1) — same result, same output, same workspace hash
fg015b-cycle-sort-safety.receipt.txt	PROVEN (tier 1) — same result, same output, same workspace hash
fg015b-cyclic-equality-hash.receipt.txt	PROVEN (tier 1) — same result, same output, same workspace hash
fg015b-cyclic-hosted-coercion.receipt.txt	PROVEN (tier 1) — same result, same output, same workspace hash
fg015b-intrange-readonly.receipt.txt	PROVEN (tier 1) — same result, same output, same workspace hash
fg015b-list-index-boundaries.receipt.txt	PROVEN (tier 1) — same result, same output, same workspace hash
fg015b-list-index-identity.receipt.txt	PROVEN (tier 1) — same result, same output, same workspace hash
fg015b-list-index-self-cycle.receipt.txt	PROVEN (tier 1) — same result, same output, same workspace hash
fg015b-live-list-iteration.receipt.txt	PROVEN (tier 1) — same result, same output, same workspace hash
fg015b-scalar-index-timing.receipt.txt	PROVEN (tier 1) — same result, same output, same workspace hash
fg015b-sort-receiver-identity.receipt.txt	PROVEN (tier 1) — same result, same output, same workspace hash
fg177-cleanup-catch-recovery.receipt.txt	PROVEN (tier 1) — same result, same output, same workspace hash
fg177-cleanup-new-halt-nested-finally.receipt.txt	PROVEN (tier 1) — same result, same output, same workspace hash
fg177-cleanup-new-halt-return.receipt.txt	PROVEN (tier 1) — same result, same output, same workspace hash
fg177-cleanup-new-halt.receipt.txt	PROVEN (tier 1) — same result, same output, same workspace hash
fg177-cleanup-status-halt.receipt.txt	PROVEN (tier 1) — same result, same output, same workspace hash
fg177-cleanup-status-nested-finally.receipt.txt	PROVEN (tier 1) — same result, same output, same workspace hash
fg177-cleanup-status-retry.receipt.txt	PROVEN (tier 1) — same result, same output, same workspace hash
fg177-cleanup-status-unstable-continues.receipt.txt	PROVEN (tier 1) — same result, same output, same workspace hash
fg177-finally-unwind.receipt.txt	PROVEN (tier 1) — same result, same output, same workspace hash
fg177-genuine-null-basic.receipt.txt	PROVEN (tier 1) — same result, same output, same workspace hash
fg177-genuine-null-binding.receipt.txt	PROVEN (tier 1) — same result, same output, same workspace hash
fg177-genuine-null-stateful.receipt.txt	PROVEN (tier 1) — same result, same output, same workspace hash
fg177-junit-pass-count-zero.receipt.txt	PROVEN (tier 1) — same result, same output, same workspace hash
fg177-junit-pass-count.receipt.txt	PROVEN (tier 1) — same result, same output, same workspace hash
fg177-junit-skip-marking-build-unstable-false.receipt.txt	PROVEN (tier 1) — same result, same output, same workspace hash
fg177-junit-skip-marking-build-unstable.receipt.txt	PROVEN (tier 1) — same result, same output, same workspace hash
fg177-junit-stage-matrix-b0s0.receipt.txt	PROVEN (tier 1) — same result, same output, same workspace hash
fg177-junit-stage-matrix-b0s1.receipt.txt	PROVEN (tier 1) — same result, same output, same workspace hash
fg177-junit-stage-matrix-b1s0.receipt.txt	PROVEN (tier 1) — same result, same output, same workspace hash
fg177-junit-stage-matrix-b1s1.receipt.txt	PROVEN (tier 1) — same result, same output, same workspace hash
fg177-junit-summary-counts.receipt.txt	PROVEN (tier 1) — same result, same output, same workspace hash
fg177-retry-child-halt-recovers.receipt.txt	PROVEN (tier 1) — same result, same output, same workspace hash
fg177-step-schema-constructor-throw.receipt.txt	PROVEN (tier 1) — same result, same output, same workspace hash
fg177-step-schema-dir-binding-class.receipt.txt	PROVEN (tier 1) — same result, same output, same workspace hash
fg177-step-schema-halted-unreachable.receipt.txt	PROVEN (tier 1) — same result, same output, same workspace hash
fg177-step-schema-requiredness.receipt.txt	PROVEN (tier 1) — same result, same output, same workspace hash
fg177-step-schema-warn-continue.receipt.txt	PROVEN (tier 1) — same result, same output, same workspace hash
fg177-wrapper-body-result.receipt.txt	DIVERGED (1)
fg208-junit-empty-any-extension.receipt.txt	PROVEN (tier 1) — same result, same output, same workspace hash
fg208-junit-malformed-mixed.receipt.txt	PROVEN (tier 1) — same result, same output, same workspace hash
fg208-junit-malformed-xml.receipt.txt	PROVEN (tier 1) — same result, same output, same workspace hash
fg209-junit-inconsistent-aggregate-attrs.receipt.txt	PROVEN (tier 1) — same result, same output, same workspace hash
fg209-junit-missing-aggregate-attrs.receipt.txt	PROVEN (tier 1) — same result, same output, same workspace hash
fg209-junit-negative-aggregate-attrs.receipt.txt	PROVEN (tier 1) — same result, same output, same workspace hash
fg209-junit-nonnumeric-aggregate-attrs.receipt.txt	PROVEN (tier 1) — same result, same output, same workspace hash
fg210-junit-no-match-allow-empty.receipt.txt	PROVEN (tier 1) — same result, same output, same workspace hash
fg210-junit-no-match-default.receipt.txt	PROVEN (tier 1) — same result, same output, same workspace hash
fg210-junit-zero-result-allow-empty.receipt.txt	PROVEN (tier 1) — same result, same output, same workspace hash
fg210-junit-zero-result-default.receipt.txt	PROVEN (tier 1) — same result, same output, same workspace hash
fg210-junit-zero-result-explicit-false.receipt.txt	PROVEN (tier 1) — same result, same output, same workspace hash
fg210-junit-zero-result-sibling.receipt.txt	PROVEN (tier 1) — same result, same output, same workspace hash
fg211-junit-dotted-name-fallback.receipt.txt	PROVEN (tier 1) — same result, same output, same workspace hash
fg211-junit-invalid-sibling-poisoning.receipt.txt	PROVEN (tier 1) — same result, same output, same workspace hash
fg211-junit-missing-identity.receipt.txt	PROVEN (tier 1) — same result, same output, same workspace hash
fg211-junit-owner-name-fallback.receipt.txt	PROVEN (tier 1) — same result, same output, same workspace hash
fg211-junit-wrapper-classname-markers.receipt.txt	PROVEN (tier 1) — same result, same output, same workspace hash
fg211-junit-wrapper-classname-pass.receipt.txt	PROVEN (tier 1) — same result, same output, same workspace hash
fg212-junit-missing-name-classname-markers.receipt.txt	PROVEN (tier 1) — same result, same output, same workspace hash
fg212-junit-missing-name-owner-fallback.receipt.txt	PROVEN (tier 1) — same result, same output, same workspace hash
fg212-junit-missing-name-terminal.receipt.txt	PROVEN (tier 1) — same result, same output, same workspace hash
fg213-junit-count-accessors-empty.receipt.txt	PROVEN (tier 1) — same result, same output, same workspace hash
fg213-junit-count-accessors-positive.receipt.txt	PROVEN (tier 1) — same result, same output, same workspace hash
fg214-junit-duration-empty.receipt.txt	PROVEN (tier 1) — same result, same output, same workspace hash
fg214-junit-duration-positive.receipt.txt	PROVEN (tier 1) — same result, same output, same workspace hash
fg215-junit-namespace-declaration-not-attribute.receipt.txt	PROVEN (tier 1) — same result, same output, same workspace hash
fg215-junit-namespaced-local-names-positive.receipt.txt	PROVEN (tier 1) — same result, same output, same workspace hash
fg216-junit-pattern-case-only-miss.receipt.txt	PROVEN (tier 1) — same result, same output, same workspace hash
fg216-junit-pattern-case-sensitive-selection.receipt.txt	PROVEN (tier 1) — same result, same output, same workspace hash
fg217-junit-ant-default-excludes-selection.receipt.txt	PROVEN (tier 1) — same result, same output, same workspace hash
fg217-junit-ant-default-excludes-terminal.receipt.txt	PROVEN (tier 1) — same result, same output, same workspace hash
fg218-junit-repeated-separators-corpus.receipt.txt	PROVEN (tier 1) — same result, same output, same workspace hash
fg219-junit-trailing-directory-doubled.receipt.txt	PROVEN (tier 1) — same result, same output, same workspace hash
fg219-junit-trailing-directory-single.receipt.txt	PROVEN (tier 1) — same result, same output, same workspace hash
fg220-junit-skip-old-all-allow-empty.receipt.txt	PROVEN (tier 1) — same result, same output, same workspace hash
fg220-junit-skip-old-mixed.receipt.txt	PROVEN (tier 1) — same result, same output, same workspace hash
fg221-junit-dangling-links.receipt.txt	PROVEN (tier 1) — same result, same output, same workspace hash
fg221-junit-symlink-loop.receipt.txt	PROVEN (tier 1) — same result, same output, same workspace hash
git-step-clone.receipt.txt	PROVEN (tier 1) — same result, same output, same workspace hash
git-step-default-branch.receipt.txt	PROVEN (tier 1) — same result, same output, same workspace hash
git-step-deletedir.b1.receipt.txt	PROVEN (tier 1) — same result, same output, same workspace hash
git-step-deletedir.b2.receipt.txt	PROVEN (tier 1) — same result, same output, same workspace hash
git-step-refetch.b1.receipt.txt	PROVEN (tier 1) — same result, same output, same workspace hash
git-step-refetch.b2.receipt.txt	PROVEN (tier 1) — same result, same output, same workspace hash
gstring-binding-across-steps.receipt.txt	PROVEN (tier 1) — same result, same output, same workspace hash
gstring-comment-in-placeholder.receipt.txt	PROVEN (tier 1) — same result, same output, same workspace hash
gstring-env-missing-null.receipt.txt	PROVEN (tier 1) — same result, same output, same workspace hash
gstring-inherited-env-resolves.receipt.txt	PROVEN (tier 1) — same result, same output, same workspace hash
gstring-shared-binding.receipt.txt	PROVEN (tier 1) — same result, same output, same workspace hash
gstring-string-property-fails.receipt.txt	PROVEN (tier 1) — same result, same output, same workspace hash
gstring-unresolved-in-expression.receipt.txt	PROVEN (tier 1) — same result, same output, same workspace hash
gstring-unresolved-property.receipt.txt	PROVEN (tier 1) — same result, same output, same workspace hash
gstring-wrapper-args.receipt.txt	PROVEN (tier 1) — same result, same output, same workspace hash
input-division-in-gstring.receipt.txt	PROVEN (tier 1) — same result, same output, same workspace hash
input-escaped-dollar.receipt.txt	PROVEN (tier 1) — same result, same output, same workspace hash
input-expression-args.receipt.txt	PROVEN (tier 1) — same result, same output, same workspace hash
input-failfast-is-failure.receipt.txt	PROVEN (tier 1) — same result, same output, same workspace hash
input-gstring-expression.receipt.txt	PROVEN (tier 1) — same result, same output, same workspace hash
input-gstring-label.receipt.txt	PROVEN (tier 1) — same result, same output, same workspace hash
input-ok-label.receipt.txt	PROVEN (tier 1) — same result, same output, same workspace hash
input-positional-escaped-dollar.receipt.txt	PROVEN (tier 1) — same result, same output, same workspace hash
input-positional-literal.receipt.txt	PROVEN (tier 1) — same result, same output, same workspace hash
input-slashy-literal.receipt.txt	PROVEN (tier 1) — same result, same output, same workspace hash
input-timeout-aborts.receipt.txt	PROVEN (tier 1) — same result, same output, same workspace hash
junit-failing.receipt.txt	PROVEN (tier 1) — same result, same output, same workspace hash
junit-passing.receipt.txt	PROVEN (tier 1) — same result, same output, same workspace hash
nested-wrappers.receipt.txt	PROVEN (tier 1) — same result, same output, same workspace hash
nonzero-exit.receipt.txt	PROVEN (tier 1) — same result, same output, same workspace hash
options-accept-and-ignore.receipt.txt	PROVEN (tier 1) — same result, same output, same workspace hash
options-ansicolor.receipt.txt	PROVEN (tier 1) — same result, same output, same workspace hash
options-retry-one-with-post.receipt.txt	PROVEN (tier 1) — same result, same output, same workspace hash
options-skip-after-unstable-nested.receipt.txt	PROVEN (tier 1) — same result, same output, same workspace hash
options-skip-after-unstable.receipt.txt	PROVEN (tier 1) — same result, same output, same workspace hash
options-stage-retry-exhausted.receipt.txt	PROVEN (tier 1) — same result, same output, same workspace hash
options-stage-retry.receipt.txt	PROVEN (tier 1) — same result, same output, same workspace hash
options-timeout-beside-nested-call.receipt.txt	PROVEN (tier 1) — same result, same output, same workspace hash
options-timeout-pipeline.receipt.txt	PROVEN (tier 1) — same result, same output, same workspace hash
options-timeout-stage.receipt.txt	PROVEN (tier 1) — same result, same output, same workspace hash
options-timeout-wraps-post.receipt.txt	PROVEN (tier 1) — same result, same output, same workspace hash
options-timestamps-compact.receipt.txt	PROVEN (tier 1) — same result, same output, same workspace hash
options-timestamps-scm.receipt.txt	PROVEN (tier 1) — same result, same output, same workspace hash
options-timestamps.receipt.txt	PROVEN (tier 1) — same result, same output, same workspace hash
options-unstable-runs-on.receipt.txt	PROVEN (tier 1) — same result, same output, same workspace hash
parallel-always-failfast.receipt.txt	PROVEN (tier 1) — same result, same output, same workspace hash
parallel-failfast.receipt.txt	PROVEN (tier 1) — same result, same output, same workspace hash
parallel-inherited-env-fold.receipt.txt	PROVEN (tier 1) — same result, same output, same workspace hash
parallel-literal-not-folded.receipt.txt	PROVEN (tier 1) — same result, same output, same workspace hash
parallel-post-selection.receipt.txt	PROVEN (tier 1) — same result, same output, same workspace hash
parallel-siblings-finish.receipt.txt	PROVEN (tier 1) — same result, same output, same workspace hash
post-arm-reselected.receipt.txt	PROVEN (tier 1) — same result, same output, same workspace hash
post-exit-env-read-fault.receipt.txt	DIVERGED (1)
post-exit-env-read.receipt.txt	PROVEN (tier 1) — same result, same output, same workspace hash
post-failure-stops-pipeline.receipt.txt	PROVEN (tier 1) — same result, same output, same workspace hash
post-history.b1.receipt.txt	PROVEN (tier 1) — same result, same output, same workspace hash
post-history.b2.receipt.txt	PROVEN (tier 1) — same result, same output, same workspace hash
post-history.b3.receipt.txt	PROVEN (tier 1) — same result, same output, same workspace hash
post-history.b4.receipt.txt	PROVEN (tier 1) — same result, same output, same workspace hash
post-order-failure.receipt.txt	PROVEN (tier 1) — same result, same output, same workspace hash
post-order-success.receipt.txt	PROVEN (tier 1) — same result, same output, same workspace hash
publish-named-args-interpolated.receipt.txt	PROVEN (tier 1) — same result, same output, same workspace hash
publish-secret-in-pattern.receipt.txt	PROVEN (tier 1) — same result, same output, same workspace hash
retry-exhausts.receipt.txt	PROVEN (tier 1) — same result, same output, same workspace hash
retry-succeeds.receipt.txt	PROVEN (tier 1) — same result, same output, same workspace hash
retry-timeout-retries.receipt.txt	PROVEN (tier 1) — same result, same output, same workspace hash
script-block-if-branch.receipt.txt	PROVEN (tier 1) — same result, same output, same workspace hash
script-block-runs.receipt.txt	PROVEN (tier 1) — same result, same output, same workspace hash
script-body-local-does-not-persist.receipt.txt	PROVEN (tier 1) — same result, same output, same workspace hash
script-bodyless-dir.receipt.txt	PROVEN (tier 1) — same result, same output, same workspace hash
script-break-keeps-assignment.receipt.txt	PROVEN (tier 1) — same result, same output, same workspace hash
script-capture-escaped-descendant.receipt.txt	PROVEN (tier 1) — same result, same output, same workspace hash
script-closure-argument-to-plain-step.receipt.txt	PROVEN (tier 1) — same result, same output, same workspace hash
script-closure-call-spelling.receipt.txt	PROVEN (tier 1) — same result, same output, same workspace hash
script-closure-each.receipt.txt	PROVEN (tier 1) — same result, same output, same workspace hash
script-closure-identity-eq.receipt.txt	PROVEN (tier 1) — same result, same output, same workspace hash
script-closure-mutates-enclosing.receipt.txt	DIVERGED (1)
script-closure-mutates-ordinary.receipt.txt	PROVEN (tier 1) — same result, same output, same workspace hash
script-closure-param-named-env.receipt.txt	PROVEN (tier 1) — same result, same output, same workspace hash
script-comment-marker-split.receipt.txt	PROVEN (tier 1) — same result, same output, same workspace hash
script-cyclic-closure-eq.receipt.txt	PROVEN (tier 1) — same result, same output, same workspace hash
script-cyclic-map-display.receipt.txt	PROVEN (tier 1) — same result, same output, same workspace hash
script-cyclic-map-eq.receipt.txt	PROVEN (tier 1) — same result, same output, same workspace hash
script-deletedir-argument.receipt.txt	PROVEN (tier 1) — same result, same output, same workspace hash
script-dir-body.receipt.txt	PROVEN (tier 1) — same result, same output, same workspace hash
script-dir-comma-closure.receipt.txt	PROVEN (tier 1) — same result, same output, same workspace hash
script-dir-named-path.receipt.txt	PROVEN (tier 1) — same result, same output, same workspace hash
script-echo-no-message.receipt.txt	PROVEN (tier 1) — same result, same output, same workspace hash
script-env-alias-restoration.receipt.txt	PROVEN (tier 1) — same result, same output, same workspace hash
script-for-in-break.receipt.txt	PROVEN (tier 1) — same result, same output, same workspace hash
script-helper-arity-mismatch.receipt.txt	PROVEN (tier 1) — same result, same output, same workspace hash
script-helper-named-args-rejected.receipt.txt	PROVEN (tier 1) — same result, same output, same workspace hash
script-helper-overload-by-arity.receipt.txt	PROVEN (tier 1) — same result, same output, same workspace hash
script-index-grouped-newline.receipt.txt	PROVEN (tier 1) — same result, same output, same workspace hash
script-local-closure-shadows-helper.receipt.txt	PROVEN (tier 1) — same result, same output, same workspace hash
script-local-env-map-is-not-jenkins-env.receipt.txt	PROVEN (tier 1) — same result, same output, same workspace hash
script-local-named-env-shadows.receipt.txt	PROVEN (tier 1) — same result, same output, same workspace hash
script-local-shadows-wrapper-env.receipt.txt	PROVEN (tier 1) — same result, same output, same workspace hash
script-loop-closure-eq.receipt.txt	PROVEN (tier 1) — same result, same output, same workspace hash
script-map-alias-mutation.receipt.txt	PROVEN (tier 1) — same result, same output, same workspace hash
script-mixed-positional-named.receipt.txt	PROVEN (tier 1) — same result, same output, same workspace hash
script-nested-wrappers-env.receipt.txt	PROVEN (tier 1) — same result, same output, same workspace hash
script-newline-ends-statement.receipt.txt	PROVEN (tier 1) — same result, same output, same workspace hash
script-nonmap-write-caught.receipt.txt	PROVEN (tier 1) — same result, same output, same workspace hash
script-null-write-caught.receipt.txt	PROVEN (tier 1) — same result, same output, same workspace hash
script-octal-escape.receipt.txt	PROVEN (tier 1) — same result, same output, same workspace hash
script-retry-attempts.receipt.txt	PROVEN (tier 1) — same result, same output, same workspace hash
script-retry-exhausts-fault.receipt.txt	PROVEN (tier 1) — same result, same output, same workspace hash
script-retry-halts-attempt-on-refusal.receipt.txt	PROVEN (tier 1) — same result, same output, same workspace hash
script-retry-keeps-locals.receipt.txt	PROVEN (tier 1) — same result, same output, same workspace hash
script-retry-named-count.receipt.txt	PROVEN (tier 1) — same result, same output, same workspace hash
script-retry-recovers-fault.receipt.txt	PROVEN (tier 1) — same result, same output, same workspace hash
script-retry-sh-exhausts.receipt.txt	PROVEN (tier 1) — same result, same output, same workspace hash
script-retry-sh-recovers.receipt.txt	PROVEN (tier 1) — same result, same output, same workspace hash
script-retry-zero.receipt.txt	PROVEN (tier 1) — same result, same output, same workspace hash
script-return-is-closure-local.receipt.txt	DIVERGED (1)
script-returnstatus-timeout.receipt.txt	PROVEN (tier 1) — same result, same output, same workspace hash
script-same-ast-closure-eq.receipt.txt	PROVEN (tier 1) — same result, same output, same workspace hash
script-sh-return-both.receipt.txt	PROVEN (tier 1) — same result, same output, same workspace hash
script-sh-returnstatus.receipt.txt	PROVEN (tier 1) — same result, same output, same workspace hash
script-sh-returnstdout.receipt.txt	PROVEN (tier 1) — same result, same output, same workspace hash
script-sh-two-positionals.receipt.txt	PROVEN (tier 1) — same result, same output, same workspace hash
script-sibling-wrapper-env.receipt.txt	PROVEN (tier 1) — same result, same output, same workspace hash
script-slashy-brace.receipt.txt	PROVEN (tier 1) — same result, same output, same workspace hash
script-switch-break-and-fallthrough.receipt.txt	PROVEN (tier 1) — same result, same output, same workspace hash
script-switch-case-break.receipt.txt	PROVEN (tier 1) — same result, same output, same workspace hash
script-takes-no-arguments.receipt.txt	PROVEN (tier 1) — same result, same output, same workspace hash
script-timeout-bound.receipt.txt	PROVEN (tier 1) — same result, same output, same workspace hash
script-timeout-two-positionals.receipt.txt	PROVEN (tier 1) — same result, same output, same workspace hash
script-toplevel-helper.receipt.txt	PROVEN (tier 1) — same result, same output, same workspace hash
script-try-catches-sh-failure.receipt.txt	PROVEN (tier 1) — same result, same output, same workspace hash
script-uncaught-sh-still-fails.receipt.txt	PROVEN (tier 1) — same result, same output, same workspace hash
script-unresolved-variable.receipt.txt	PROVEN (tier 1) — same result, same output, same workspace hash
script-withenv-body-sees-env.receipt.txt	PROVEN (tier 1) — same result, same output, same workspace hash
script-withenv-body.receipt.txt	PROVEN (tier 1) — same result, same output, same workspace hash
script-withenv-named-overrides.receipt.txt	PROVEN (tier 1) — same result, same output, same workspace hash
sequence-carries-state.b1.receipt.txt	PROVEN (tier 1) — same result, same output, same workspace hash
sequence-carries-state.b2.receipt.txt	PROVEN (tier 1) — same result, same output, same workspace hash
sh-escape-edges.receipt.txt	PROVEN (tier 1) — same result, same output, same workspace hash
sh-escaped-dollar-named-arg.receipt.txt	PROVEN (tier 1) — same result, same output, same workspace hash
sh-gstring-interpolation.receipt.txt	PROVEN (tier 1) — same result, same output, same workspace hash
sh-octal-escape.receipt.txt	PROVEN (tier 1) — same result, same output, same workspace hash
sh-secret-interpolation-warning.receipt.txt	PROVEN (tier 1) — same result, same output, same workspace hash
sh-slashy-escape.receipt.txt	PROVEN (tier 1) — same result, same output, same workspace hash
shell-and-file.receipt.txt	PROVEN (tier 1) — same result, same output, same workspace hash
stash-empty-fails.receipt.txt	PROVEN (tier 1) — same result, same output, same workspace hash
stash-excludes.receipt.txt	PROVEN (tier 1) — same result, same output, same workspace hash
stash-not-carried.b1.receipt.txt	PROVEN (tier 1) — same result, same output, same workspace hash
stash-not-carried.b2.receipt.txt	PROVEN (tier 1) — same result, same output, same workspace hash
stash-unstash.receipt.txt	PROVEN (tier 1) — same result, same output, same workspace hash
steps-semicolon-after-raw-arg.receipt.txt	PROVEN (tier 1) — same result, same output, same workspace hash
steps-semicolon-separated.receipt.txt	PROVEN (tier 1) — same result, same output, same workspace hash
timeout-block-deadline.receipt.txt	PROVEN (tier 1) — same result, same output, same workspace hash
timeout-days-unit.receipt.txt	PROVEN (tier 1) — same result, same output, same workspace hash
timeout-seconds.receipt.txt	PROVEN (tier 1) — same result, same output, same workspace hash
undeclared-deadline-unbounded.receipt.txt	PROVEN (tier 1) — same result, same output, same workspace hash
when-conditions.receipt.txt	PROVEN (tier 1) — same result, same output, same workspace hash
when-context-conditions.receipt.txt	PROVEN (tier 1) — same result, same output, same workspace hash
when-env-expression.receipt.txt	PROVEN (tier 1) — same result, same output, same workspace hash
when-scm-and-equals.receipt.txt	PROVEN (tier 1) — same result, same output, same workspace hash
when-scm-pattern-keys.receipt.txt	PROVEN (tier 1) — same result, same output, same workspace hash
when-siblings-and-jenkins-vars.receipt.txt	PROVEN (tier 1) — same result, same output, same workspace hash
when-slashy-brace.receipt.txt	PROVEN (tier 1) — same result, same output, same workspace hash
withenv-comma-value.receipt.txt	PROVEN (tier 1) — same result, same output, same workspace hash
withenv-escaped-dollar.receipt.txt	PROVEN (tier 1) — same result, same output, same workspace hash
withenv-path-augmentation.receipt.txt	PROVEN (tier 1) — same result, same output, same workspace hash
withenv-path-last-wins.receipt.txt	PROVEN (tier 1) — same result, same output, same workspace hash
withenv-path-no-base.receipt.txt	PROVEN (tier 1) — same result, same output, same workspace hash
withenv-path-same-list.receipt.txt	PROVEN (tier 1) — same result, same output, same workspace hash
withenv-scoping.receipt.txt	PROVEN (tier 1) — same result, same output, same workspace hash
xtrace-continuation-inherited.receipt.txt	PROVEN (tier 1) — same result, same output, same workspace hash
