file	verdict	code	stages	steps	detail
Ableton_python-pipeline-utils.Jenkinsfile	scripted-err	malformed_syntax	-	-	'>=', '?', '?.', '?:', '[', 'instanceof', '{' or '||' @7:20
AmanPathak-DevOps_EKS-Terraform-GitHub-Actions.Jenkinsfile	ok	-	5	6	-
BBVA_mirrorgate.Jenkinsfile	scripted-ok	-	2	6	-
Ben1980_jenkinsexample.Jenkinsfile	ok	-	4	6	-
Blazemeter_taurus.Jenkinsfile	ok	-	8	16	-
Chabane_mitosis-microservice-spark-cassandra.Jenkinsfile	scripted-ok	-	1	4	-
DeekshithSN_Jenkinsfile.Jenkinsfile	ok	-	1	2	-
HariSekhon_DevOps-Bash-tools.Jenkinsfile	ok	-	3	11	-
HariSekhon_Jenkins.Jenkinsfile	err	no_stages	-	-	pipeline declares no stages @1:1
HariSekhon_Nagios-Plugins.Jenkinsfile	ok	-	3	11	-
HariSekhon_Templates.Jenkinsfile	scripted-ok	-	1	0	-
Jotschi_maven-release-workflow-test.Jenkinsfile	scripted-err	malformed_syntax	-	-	, 'while', '{', '||' or '}' @9:23
MrRameshRajendran_Hybrid_MultiCloud_Overlay.Jenkinsfile	err	no_stages	-	-	pipeline declares no stages @1:1
ORCID_ORCID-Source.Jenkinsfile	scripted-ok	-	20	17	-
Primus19_jenkins-pipeline-deploy-to-eks.Jenkinsfile	ok	-	2	9	-
Rapter1990_springbootmicroservicedailybuffer.Jenkinsfile	ok	-	1	19	-
RitheeshBaradwaj_JenkinsPipeline.Jenkinsfile	ok	-	6	16	-
Romeh_spring-boot-ignite.Jenkinsfile	ok	-	4	14	-
Romeh_spring-boot-sample-app.Jenkinsfile	ok	-	9	23	-
Statemood_jenkins-library.Jenkinsfile	scripted-ok	-	2	2	-
SumanReddy568_Selenium-Python-Pytest-framework.Jenkinsfile	ok	-	4	7	-
SumitKr88_multiscanpipeline-jenkins-fastlane-ios.Jenkinsfile	ok	-	14	30	-
SumitM01_CI-CD-for-Docker-Kubernetes-using-Jenkins.Jenkinsfile	err	malformed_syntax	-	-	'options', 'parameters', 'post', 'stages', 'tools', 'triggers' or '}' @43:31
TTFHW_jenkins_pipeline_java_maven.Jenkinsfile	scripted-ok	-	1	5	-
TTFHW_jenkins_pipeline_shell_scripts.Jenkinsfile	scripted-ok	-	1	5	-
TechPrimers_jenkins-example.Jenkinsfile	ok	-	3	6	-
Terradue_DotNet4One.Jenkinsfile	ok	-	4	10	-
Terradue_DotNetOpenSearchClient.Jenkinsfile	ok	-	5	7	-
TomCzHen_jenkins-android-sample.Jenkinsfile	ok	-	6	18	-
Tynab_crm-project.Jenkinsfile	ok	-	4	11	-
VAD37_unity-jenkinsfile.Jenkinsfile	ok	-	5	19	-
adamrushuk_powershell-pipeline.Jenkinsfile	ok	-	1	1	-
ahmedmourshedi_Automation-Testing-of-ECommerce-WebsiteUsingSelenium.Jenkinsfile	scripted-ok	-	1	9	-
aiwithqasim_Capstone-Project-Devops.Jenkinsfile	ok	-	4	4	-
alanmacgowan_WebApplication.Jenkinsfile	ok	-	12	19	-
alexguzun_jenkins-pipeline-gitflow-maven.Jenkinsfile	scripted-err	malformed_syntax	-	-	'?', '?.', '?:', '[', 'instanceof', '{' or '||' @86:20
allcloud-io_jenkins-pipeline-tutorial.Jenkinsfile	ok	-	1	1	-
arun-gupta_docker-jenkins-pipeline.Jenkinsfile	scripted-err	malformed_syntax	-	-	'>=', '?', '?.', '?:', '[', 'instanceof', '{', '||' or '}' @1:6
aws-samples_ecs-bg-external-controller.Jenkinsfile	ok	-	12	3	-
awslabs_aws-codepipeline-plugin-for-jenkins.Jenkinsfile	scripted-ok	-	1	1	-
bcgov_openshift-wiki.Jenkinsfile	scripted-ok	-	1	3	-
beifei1_fire-cloud.Jenkinsfile	ok	-	4	6	-
bmustiata_jenny.Jenkinsfile	scripted-ok	-	6	11	-
boozallen_devsecops-example-helloworld.Jenkinsfile	ok	-	10	10	-
bszeti_kubernetes-integration-test.Jenkinsfile	scripted-ok	-	1	11	-
buildit_jenkins-pipeline-libraries.Jenkinsfile	ok	-	2	3	-
camiloribeiro_cdeasy.Jenkinsfile	scripted-err	malformed_syntax	-	-	'?', '?.', '?:', '[', 'instanceof', '{' or '||' @1:6
captjt_jenkins-pipeline-express.Jenkinsfile	scripted-err	malformed_syntax	-	-	'||' or '}' @1:17
charlires_golang-docker-jenkins.Jenkinsfile	ok	-	3	6	-
choiis_Cpp-IOCP-Server.Jenkinsfile	ok	-	4	6	-
chrsoo_microservices.Jenkinsfile	scripted-ok	-	2	2	-
cinqict_jenkinsdev.Jenkinsfile	ok	-	1	1	-
clintmod_unit-testing-jenkinsfile.Jenkinsfile	scripted-ok	-	25	18	-
cloud-bulldozer_scale-ci-pipeline.Jenkinsfile	scripted-ok	-	41	7	-
cloudogu_ces-build-lib.Jenkinsfile	scripted-err	malformed_syntax	-	-	reserved @3:16
cloudogu_continuous-delivery-slides.Jenkinsfile	scripted-err	malformed_syntax	-	-	'?', '?.', '?:', '[', 'instanceof', '{' or '||' @113:21
cloudogu_gitops-build-lib.Jenkinsfile	scripted-err	malformed_syntax	-	-	'?', '?.', '?:', '[', 'instanceof', '{' or '||' @48:40
cloudogu_gitops-playground.Jenkinsfile	ok	-	8	9	-
cloudogu_reveal.js-docker-example.Jenkinsfile	scripted-err	malformed_syntax	-	-	'>=', '?', '?.', '?:', '[', 'instanceof', '{' or '||' @10:16
concur_jenkins-yml-workflowLibs.Jenkinsfile	scripted-ok	-	2	2	-
cvitter_jenkins-pipeline-examples.Jenkinsfile	ok	-	1	1	-
darinpope_jenkinsfile-library.Jenkinsfile	scripted-ok	-	2	7	-
devops-ws_learn-pipeline-java.Jenkinsfile	ok	-	3	6	-
eggsy84_gcp-spring-boot-app.Jenkinsfile	scripted-ok	-	1	9	-
eldada_jenkins-pipeline-kubernetes.Jenkinsfile	ok	-	25	31	-
esign-consulting_logistics.Jenkinsfile	scripted-err	malformed_syntax	-	-	'switch', 'throw', 'true', 'try', 'while', '{', '||' or '}' @1:6
everflux_angular-jenkinsfile.Jenkinsfile	scripted-ok	-	2	14	-
evry-ace_jenkins-ace-library.Jenkinsfile	scripted-ok	-	2	6	-
executeautomation_JenkinsPipeline.Jenkinsfile	ok	-	7	6	-
fabric8io_fabric8-pipeline-library.Jenkinsfile	scripted-ok	-	4	6	-
fabric8io_fabric8-platform.Jenkinsfile	scripted-ok	-	3	10	-
fatimajamali81_jenkins-iis-cicd-pipeline.Jenkinsfile	ok	-	9	18	-
gdemengin_pipeline-logparser.Jenkinsfile	scripted-err	malformed_syntax	-	-	'?', '?.', '?:', '[', 'instanceof', '{' or '||' @58:15
gfkse_jenkins-shared-library.Jenkinsfile	scripted-ok	-	2	2	-
griddynamics-archive_mpl.Jenkinsfile	scripted-ok	-	2	2	-
hakdogan_jenkins-pipeline.Jenkinsfile	scripted-ok	-	21	11	-
hamitmizrak_Devops_Jenkinsfile.Jenkinsfile	ok	-	3	3	-
holdennguyen_cicd-pipeline-java-webapp.Jenkinsfile	ok	-	5	8	-
hungbang_spring-boot-aws-docdb-example.Jenkinsfile	ok	-	5	13	-
ishrivatsa_terraform-vault-jenkins.Jenkinsfile	ok	-	3	13	-
j8kin_habr-jenkinsfile.Jenkinsfile	scripted-err	malformed_syntax	-	-	'?', '?.', '?:', '[', 'instanceof', '{' or '||' @75:30
jalogut_jenkinsfile-basic-sample.Jenkinsfile	scripted-err	malformed_syntax	-	-	'switch', 'throw', 'true', 'try', 'while', '{', '||' or '}' @1:6
jalogut_jenkinsfile-shared-library-sample.Jenkinsfile	scripted-ok	-	2	2	-
jenkins-infra_jenkins.io.Jenkinsfile	scripted-ok	-	8	18	-
jenkins-infra_pipeline-library.Jenkinsfile	ok	-	1	2	-
jenkins-infra_update-center2.Jenkinsfile	scripted-ok	-	2	10	-
jenkins-zh_jenkins-cli.Jenkinsfile	ok	-	6	0	-
jenkinsci_JenkinsPipelineUnit.Jenkinsfile	scripted-ok	-	1	1	-
jenkinsci_amazon-ecs-plugin.Jenkinsfile	scripted-ok	-	1	1	-
jenkinsci_artifact-promotion-plugin.Jenkinsfile	scripted-ok	-	1	1	-
jenkinsci_badge-plugin.Jenkinsfile	scripted-ok	-	1	1	-
jenkinsci_bitbucket-push-and-pull-request-plugin.Jenkinsfile	scripted-ok	-	1	1	-
jenkinsci_ci.jenkins.io-runner.Jenkinsfile	scripted-ok	-	2	9	-
jenkinsci_code-coverage-api-plugin.Jenkinsfile	scripted-ok	-	3	2	-
jenkinsci_config-driven-pipeline-plugin.Jenkinsfile	scripted-ok	-	1	1	-
jenkinsci_configuration-as-code-plugin.Jenkinsfile	scripted-ok	-	1	1	-
jenkinsci_credentials-plugin.Jenkinsfile	scripted-ok	-	1	1	-
jenkinsci_declarative-pipeline-migration-assistant-plugin.Jenkinsfile	scripted-ok	-	1	1	-
jenkinsci_dependency-track-plugin.Jenkinsfile	scripted-ok	-	1	1	-
jenkinsci_dingtalk-plugin.Jenkinsfile	scripted-ok	-	1	1	-
jenkinsci_docker-agents.Jenkinsfile	scripted-err	malformed_syntax	-	-	'?', '?.', '?:', '[', 'instanceof', '{' or '||' @9:18
jenkinsci_docker-inbound-agent.Jenkinsfile	ok	-	1	0	-
jenkinsci_docker-plugin.Jenkinsfile	scripted-ok	-	1	1	-
jenkinsci_docker-workflow-plugin.Jenkinsfile	scripted-ok	-	1	1	-
jenkinsci_docker.Jenkinsfile	scripted-err	malformed_syntax	-	-	reserved @46:16
jenkinsci_gitea-plugin.Jenkinsfile	scripted-ok	-	1	1	-
jenkinsci_github-branch-source-plugin.Jenkinsfile	scripted-ok	-	1	1	-
jenkinsci_github-pr-comment-build-plugin.Jenkinsfile	scripted-ok	-	1	1	-
jenkinsci_gitlab-branch-source-plugin.Jenkinsfile	scripted-ok	-	2	1	-
jenkinsci_groovy-sandbox.Jenkinsfile	scripted-ok	-	1	1	-
jenkinsci_hashicorp-vault-pipeline-plugin.Jenkinsfile	scripted-ok	-	1	1	-
jenkinsci_hashicorp-vault-plugin.Jenkinsfile	scripted-ok	-	1	1	-
jenkinsci_http-request-plugin.Jenkinsfile	scripted-ok	-	1	1	-
jenkinsci_hubot-steps-plugin.Jenkinsfile	scripted-ok	-	1	1	-
jenkinsci_jacoco-plugin.Jenkinsfile	scripted-ok	-	1	1	-
jenkinsci_jenkins-test-harness.Jenkinsfile	scripted-ok	-	1	1	-
jenkinsci_jenkins.Jenkinsfile	scripted-err	malformed_syntax	-	-	'true', 'try', 'while', '{', '||' or '}' @62:28
jenkinsci_jenkinsfile-runner-test-framework.Jenkinsfile	scripted-ok	-	2	10	-
jenkinsci_jenkinsfile-runner.Jenkinsfile	scripted-err	malformed_syntax	-	-	'switch', 'throw', 'true', 'try', 'while' or '{' @16:1
jenkinsci_jira-plugin.Jenkinsfile	scripted-ok	-	1	1	-
jenkinsci_jira-steps-plugin.Jenkinsfile	scripted-ok	-	1	1	-
jenkinsci_jira-trigger-plugin.Jenkinsfile	scripted-ok	-	1	1	-
jenkinsci_job-dsl-plugin.Jenkinsfile	scripted-ok	-	1	1	-
jenkinsci_labelled-steps-plugin.Jenkinsfile	scripted-ok	-	1	1	-
jenkinsci_multiple-scms-plugin.Jenkinsfile	scripted-ok	-	1	1	-
jenkinsci_nested-data-reporting-plugin.Jenkinsfile	scripted-ok	-	1	1	-
jenkinsci_opentelemetry-plugin.Jenkinsfile	scripted-ok	-	1	1	-
jenkinsci_performance-plugin.Jenkinsfile	scripted-ok	-	3	9	-
jenkinsci_pipeline-as-yaml-plugin.Jenkinsfile	scripted-ok	-	1	1	-
jenkinsci_pipeline-aws-plugin.Jenkinsfile	scripted-ok	-	1	1	-
jenkinsci_pipeline-cloudwatch-logs-plugin.Jenkinsfile	scripted-ok	-	1	1	-
jenkinsci_pipeline-github-lib-plugin.Jenkinsfile	scripted-ok	-	1	1	-
jenkinsci_pipeline-githubnotify-step-plugin.Jenkinsfile	scripted-ok	-	1	1	-
jenkinsci_pipeline-gitstatuswrapper-plugin.Jenkinsfile	scripted-ok	-	1	1	-
jenkinsci_pipeline-graph-view-plugin.Jenkinsfile	scripted-ok	-	1	1	-
jenkinsci_pipeline-maven-plugin.Jenkinsfile	scripted-ok	-	1	1	-
jenkinsci_pipeline-model-definition-plugin.Jenkinsfile	scripted-ok	-	1	1	-
jenkinsci_pipeline-stage-view-plugin.Jenkinsfile	scripted-ok	-	1	1	-
jenkinsci_pipeline-utility-steps-plugin.Jenkinsfile	scripted-ok	-	1	1	-
jenkinsci_plot-plugin.Jenkinsfile	scripted-ok	-	1	1	-
jenkinsci_plugin-installation-manager-tool.Jenkinsfile	scripted-ok	-	1	1	-
jenkinsci_qy-wechat-notification-plugin.Jenkinsfile	scripted-ok	-	1	1	-
jenkinsci_remote-file-plugin.Jenkinsfile	scripted-ok	-	1	1	-
jenkinsci_remoting.Jenkinsfile	scripted-ok	-	1	1	-
jenkinsci_role-strategy-plugin.Jenkinsfile	scripted-ok	-	1	1	-
jenkinsci_simple-build-for-pipeline-plugin.Jenkinsfile	scripted-ok	-	1	1	-
jenkinsci_ssh-steps-plugin.Jenkinsfile	scripted-ok	-	1	1	-
jenkinsci_stashnotifier-plugin.Jenkinsfile	scripted-ok	-	1	1	-
jenkinsci_subversion-plugin.Jenkinsfile	scripted-ok	-	1	1	-
jenkinsci_swarm-plugin.Jenkinsfile	scripted-ok	-	1	1	-
jenkinsci_tekton-client-plugin.Jenkinsfile	scripted-ok	-	1	1	-
jenkinsci_warnings-ng-plugin.Jenkinsfile	scripted-ok	-	3	1	-
jenkinsci_webhook-step-plugin.Jenkinsfile	scripted-ok	-	1	1	-
jenkinsci_workflow-basic-steps-plugin.Jenkinsfile	scripted-ok	-	1	1	-
jenkinsci_workflow-job-plugin.Jenkinsfile	scripted-ok	-	1	1	-
jenkinsci_workflow-multibranch-plugin.Jenkinsfile	scripted-ok	-	1	1	-
jerearista_python-jenkinsfile-testing.Jenkinsfile	ok	-	6	9	-
jjasghar_jenkinsfile_cookbook_pipeline.Jenkinsfile	ok	-	8	8	-
judexzhu_Jenkins-Pipeline-CI-CD-with-Helm-on-Kubernetes.Jenkinsfile	scripted-err	malformed_syntax	-	-	'?', '?.', '?:', '[', 'instanceof', '{' or '||' @10:13
jussaragranja_SeleniumEasyTest2.Jenkinsfile	scripted-ok	-	1	8	-
juvalen_mb-checker.Jenkinsfile	ok	-	4	14	-
k11h-de_zap-jenkins.Jenkinsfile	ok	-	3	7	-
kenych_jenkins_config_as_code.Jenkinsfile	scripted-ok	-	1	4	-
kesselborn_jenkinsfile.Jenkinsfile	scripted-err	malformed_syntax	-	-	'true', 'try', 'while', '{', '||' or '}' @5:6
kishorebhatia_pipeline-as-code-demo.Jenkinsfile	scripted-err	malformed_syntax	-	-	, '?', '?.', '?:', '[', 'instanceof', '{', '||' or '}' @36:15
kitconcept_jenkins-pipeline-examples.Jenkinsfile	ok	-	4	7	-
krasi-georgiev_cd-demo.Jenkinsfile	scripted-ok	-	4	6	-
ksuther_jenkins-jenkinsfile-include.Jenkinsfile	scripted-ok	-	1	5	-
liatrio_pipeline-library.Jenkinsfile	ok	-	1	1	-
linuxacademy_cicd-pipeline-train-schedule-autodeploy.Jenkinsfile	ok	-	5	4	-
linuxacademy_cicd-pipeline-train-schedule-canary.Jenkinsfile	ok	-	4	3	-
linuxacademy_cicd-pipeline-train-schedule-cd.Jenkinsfile	ok	-	1	3	-
linuxacademy_cicd-pipeline-train-schedule-dockerdeploy.Jenkinsfile	ok	-	1	3	-
linuxacademy_cicd-pipeline-train-schedule-kubernetes.Jenkinsfile	ok	-	4	5	-
ljpengelen_jenkinsfile.Jenkinsfile	ok	-	5	14	-
llknur_jenkinsfile-pipeline-project.Jenkinsfile	ok	-	2	4	-
maajor_Blender-Geometry-CI.Jenkinsfile	err	no_stages	-	-	pipeline declares no stages @1:1
macg33zr_pipelineUnit.Jenkinsfile	ok	-	3	6	-
maxyermayank_jenkins-pipeline-demo-api.Jenkinsfile	ok	-	11	11	-
maxyermayank_jenkins-pipeline-demo-pwa.Jenkinsfile	ok	-	11	11	-
mercedes-benz_pipeliner.Jenkinsfile	scripted-ok	-	1	5	-
merken_netCoreBuild.Jenkinsfile	scripted-err	malformed_syntax	-	-	reserved @6:6
metersphere_jenkins-plugin.Jenkinsfile	err	malformed_syntax	-	-	'options', 'parameters', 'post', 'stages', 'tools', 'triggers' or '}' @44:26
microsoft_movie-db-java-on-azure.Jenkinsfile	scripted-err	malformed_syntax	-	-	'>=', '?', '?.', '?:', '[', 'instanceof', '{' or '||' @1:6
mindstix-labs_qa-automation-accelerator.Jenkinsfile	ok	-	5	9	-
mjah_kubernetes-jenkins-cicd-pipeline-example.Jenkinsfile	ok	-	7	13	-
mjuuso_provisioning_example.Jenkinsfile	scripted-err	malformed_syntax	-	-	'return', 'switch', 'throw', 'true', 'try', 'while' or '{' @1:1
mmelmesary_Automated-DevOps-Project.Jenkinsfile	ok	-	2	24	-
mraible_ng-demo.Jenkinsfile	scripted-err	malformed_syntax	-	-	'return', 'switch', 'throw', 'true', 'try', 'while', '{', '||' or '}' @1:6
msfidelis_jenkins-ecs-slaves.Jenkinsfile	ok	-	7	21	-
murphysecurity_murphysec-jenkins-tools.Jenkinsfile	ok	-	5	6	-
narasimhavuppala_jenkins-calculator.Jenkinsfile	ok	-	7	7	-
narottamgla_selenium-bdd-cucumber.Jenkinsfile	ok	-	5	9	-
netcorebcn_quiz.Jenkinsfile	ok	-	4	4	-
nikoly_selenium-grid-docker.Jenkinsfile	ok	-	3	2	-
ocf_ircbot.Jenkinsfile	scripted-ok	-	1	1	-
ocf_ocflib.Jenkinsfile	scripted-ok	-	1	1	-
ocf_ocfweb.Jenkinsfile	scripted-ok	-	1	1	-
ocf_slackbridge.Jenkinsfile	scripted-ok	-	1	1	-
pavankjadda_BookStore.Jenkinsfile	ok	-	9	8	-
pawnu_PythonSecurityPipeline.Jenkinsfile	ok	-	9	26	-
planetpratik_CMake-Jenkins-CPP.Jenkinsfile	ok	-	5	0	-
prashantgohel321_DevOps-Project-Two-Tier-Flask-App.Jenkinsfile	ok	-	3	4	-
qiuhuanhen_springboot-DDD.Jenkinsfile	ok	-	6	22	-
releaseworks_hellonode.Jenkinsfile	scripted-ok	-	1	4	-
restalion_python-jenkins-pipeline.Jenkinsfile	ok	-	13	24	-
ricardozanini_soccer-stats.Jenkinsfile	scripted-err	malformed_syntax	-	-	, '>', '>=', '?', '?.', '?:', '[', 'instanceof', '{', '||' or '}' @11:16
rmkanda_secure-pipeline-java-demo.Jenkinsfile	ok	-	19	38	-
roryeckel_codex-jenkinsfile.Jenkinsfile	ok	-	5	9	-
rosineygp_mkdkr.Jenkinsfile	err	malformed_syntax	-	-	'options', 'parameters', 'post', 'stages', 'tools', 'triggers' or '}' @6:28
saidsef_alpine-jenkins-dockerfile.Jenkinsfile	ok	-	2	1	-
saidsef_jenkins-pipeline-examples.Jenkinsfile	scripted-ok	-	11	15	-
shazforiot_Jenkins-integration-with-kubernetes.Jenkinsfile	ok	-	4	5	-
shipping-docker_simple-jerkins.Jenkinsfile	scripted-ok	-	1	4	-
sidd-harth_apigee-cicd.Jenkinsfile	ok	-	5	29	-
sixeyed_jenkins-pipeline-demos.Jenkinsfile	ok	-	1	2	-
stakater_GitWebhookProxy.Jenkinsfile	scripted-ok	-	2	2	-
tknerr_jenkins-pipes-helloworld.Jenkinsfile	scripted-ok	-	1	5	-
tomasbjerre_bitbucket-server-jenkins-release-tags.Jenkinsfile	scripted-ok	-	1	7	-
varunpalekar_php-ci-cd.Jenkinsfile	ok	-	7	38	-
vineet68sharma_CI-CD-Docker.Jenkinsfile	scripted-ok	-	21	11	-
vinsguru_docker-selenium-jenkinsfile.Jenkinsfile	ok	-	3	1	-
vskurikhin_DayBook3.Jenkinsfile	ok	-	4	7	-
wanghaoxi3000_advproject.Jenkinsfile	ok	-	3	6	-
wildec2_java-selenium-framework.Jenkinsfile	ok	-	2	1	-
yashpimple_Jenkins-CI-CD-with-GitHub-Integration.Jenkinsfile	ok	-	4	5	-
zhangjian-ai_AutomationTestPlat.Jenkinsfile	ok	-	4	12	-
zowe_jenkins-library.Jenkinsfile	scripted-ok	-	28	18	-
